ID,Income,HaveChild,TotalProduct
5524,58138.0,0,894
2174,46344.0,1,10
4141,71613.0,0,308
6182,26646.0,1,37
5324,58293.0,1,234
7446,62513.0,1,182
965,55635.0,1,328
6177,33454.0,1,70
4855,30351.0,1,30
5899,5648.0,1,8
387,7500.0,0,39
2125,63033.0,0,878
8180,59354.0,1,63
2569,17323.0,0,38
2114,82800.0,0,264
9736,41850.0,1,39
4939,37760.0,0,205
6565,76995.0,1,594
2278,33812.0,1,90
9360,37040.0,0,182
1993,58607.0,1,86
4047,65324.0,1,155
1409,40689.0,1,75
7892,18589.0,0,56
2404,53359.0,1,43
9422,38360.0,1,85
1966,84618.0,0,988
6864,10979.0,0,18
3033,38620.0,0,117
5710,40548.0,1,7
7373,46610.0,1,163
8755,68657.0,0,692
10738,49389.0,1,22
4339,67353.0,1,176
10755,23718.0,1,39
8595,42429.0,1,8
2968,48948.0,0,423
8601,80011.0,1,872
503,20559.0,1,33
8430,21994.0,1,10
2139,7500.0,1,16
1371,79941.0,0,687
9909,7500.0,0,69
7286,41728.0,1,29
6566,72550.0,1,455
8614,65486.0,1,248
4114,79143.0,0,1011
1331,35790.0,1,57
2225,82582.0,0,866
9381,66373.0,1,169
6260,82384.0,0,783
10383,70287.0,0,758
7437,27938.0,1,11
8375,55954.0,1,28
6853,75777.0,0,646
3076,66653.0,1,154
1012,61823.0,1,192
6518,67680.0,1,54
4137,70666.0,0,648
8082,25721.0,1,18
1386,32474.0,1,1
9369,88194.0,1,548
4477,69096.0,1,297
1357,74854.0,1,633
1402,66991.0,0,745
6312,65031.0,1,519
8132,60631.0,1,77
1050,28332.0,0,42
5846,40246.0,1,10
1859,75251.0,0,1151
7503,75825.0,0,1126
10401,26326.0,0,8
1618,56046.0,0,64
3332,29760.0,1,84
2261,26304.0,1,8
5346,23559.0,1,31
4119,38620.0,0,117
535,81361.0,0,539
5268,29440.0,1,36
273,36138.0,1,16
4452,50388.0,1,46
8504,79593.0,0,871
771,54178.0,1,52
11178,42394.0,1,13
2230,23626.0,1,16
7516,30096.0,1,31
7247,47916.0,1,26
11100,51813.0,1,10
4646,78497.0,0,548
3037,50150.0,0,264
1473,47823.0,1,9
1016,34554.0,1,9
4518,85693.0,1,672
9370,65846.0,0,477
8908,87195.0,0,842
8373,24594.0,1,19
7533,49096.0,1,36
2683,52413.0,1,550
3629,38557.0,1,42
10991,89058.0,0,353
5077,77298.0,1,465
7431,68126.0,0,402
3267,57288.0,1,21
999,86037.0,0,218
9215,43974.0,1,101
2286,50785.0,1,23
1592,90765.0,0,1144
367,36550.0,1,410
5234,30753.0,1,39
9862,21918.0,1,29
9805,56129.0,1,292
6205,32557.0,1,36
8442,19510.0,1,14
7386,30992.0,1,24
7215,101970.0,0,245
1491,71488.0,0,225
11071,79607.0,0,1257
3381,54348.0,1,16
11051,77376.0,1,157
8026,62998.0,1,285
433,61331.0,1,57
9597,73448.0,0,359
5290,41551.0,1,36
1685,62981.0,0,686
5342,9548.0,1,20
9579,33762.0,1,37
7660,35860.0,1,14
1461,36921.0,1,17
821,92859.0,0,1095
11084,65104.0,1,265
8690,86111.0,0,860
2937,68352.0,1,224
9701,41883.0,1,164
9949,59809.0,1,230
10837,23957.0,1,50
3120,38547.0,1,12
5885,35688.0,1,106
4050,49605.0,0,77
3830,59354.0,1,151
7987,65747.0,1,101
7798,46344.0,1,105
92,34176.0,1,64
7055,61010.0,1,57
10240,69372.0,0,342
3025,49967.0,1,91
9283,60199.0,1,10
9970,55375.0,1,106
2730,80317.0,0,638
2795,30523.0,1,3
9260,70356.0,0,324
8182,23228.0,1,63
10095,74165.0,0,280
4370,43482.0,1,42
10573,62551.0,0,269
3712,52332.0,0,45
6637,66951.0,0,716
3152,26091.0,1,54
5610,33456.0,1,22
6460,28718.0,1,29
1349,50447.0,1,36
1880,53537.0,1,6
641,52074.0,1,12
8717,80427.0,1,660
10314,83837.0,0,360
10854,38853.0,1,14
10492,38285.0,1,7
6935,78497.0,0,548
7698,51650.0,1,32
3559,16248.0,1,36
10562,66835.0,0,272
10796,30477.0,1,7
2563,28249.0,0,32
3518,25271.0,1,33
5823,32303.0,1,2
3934,61286.0,1,135
6982,74068.0,0,783
6431,45759.0,1,22
9733,24882.0,1,43
5602,66973.0,0,714
7829,36640.0,1,25
1324,38872.0,1,46
326,51148.0,1,68
7224,31353.0,1,14
6999,69661.0,0,170
9938,80067.0,0,1030
6422,86718.0,0,754
3182,46854.0,1,88
7300,69142.0,1,48
10424,75922.0,0,938
8727,63693.0,1,509
2798,102160.0,0,419
1030,40637.0,1,13
624,18890.0,0,14
5176,29604.0,1,32
5552,48721.0,1,191
868,44794.0,1,7
380,64497.0,1,442
2677,46097.0,1,161
6521,77972.0,0,476
6927,44377.0,1,30
2877,46014.0,1,87
0,70951.0,0,905
1584,41443.0,1,222
7264,52195.0,1,4
6274,83790.0,0,523
1377,44551.0,1,37
454,69508.0,1,268
1755,45204.0,1,66
2075,72460.0,0,660
4785,77622.0,1,180
9076,30732.0,1,27
7079,63887.0,1,256
4653,42011.0,1,19
7375,51369.0,1,97
709,51537.0,1,224
460,79930.0,0,944
3726,34320.0,1,13
6798,37070.0,1,163
5341,81975.0,1,578
1606,38590.0,1,16
9617,15033.0,0,15
3233,62745.0,1,523
89,22212.0,1,43
2936,23661.0,1,4
9449,79761.0,1,179
7297,7500.0,1,32
11004,60182.0,1,12
313,73455.0,0,1167
9940,64961.0,1,589
10735,22804.0,1,11
9529,73687.0,0,887
6439,61074.0,1,161
7411,31686.0,1,5
2176,80134.0,1,392
9265,75027.0,1,388
8867,67546.0,0,1090
8932,65176.0,1,501
10236,31160.0,1,35
6340,29938.0,1,12
10089,102692.0,0,796
2227,26490.0,0,140
10992,75702.0,1,468
5304,30899.0,1,8
309,63342.0,1,162
3406,45989.0,1,172
2661,18701.0,1,22
3153,40737.0,1,4
10264,15287.0,1,17
1184,69674.0,1,267
4200,44159.0,1,101
9396,37717.0,1,11
2387,43776.0,1,78
6690,38179.0,1,32
1225,80124.0,0,771
9703,38097.0,1,38
291,72940.0,0,683
4557,22070.0,1,36
2379,69267.0,0,711
5726,31788.0,1,38
3066,61905.0,1,51
6336,29315.0,1,31
10967,33378.0,1,56
2304,66313.0,1,138
3445,60714.0,0,579
7828,77882.0,0,735
3762,69867.0,0,675
4391,63841.0,1,142
4669,24480.0,1,81
10144,51369.0,1,97
8652,37760.0,0,205
1672,65640.0,1,191
8962,44319.0,1,8
9974,30631.0,1,35
10983,75278.0,0,552
8148,50898.0,1,439
10102,79946.0,0,1055
4697,35416.0,0,91
9262,32414.0,0,20
7254,38361.0,1,84
4543,82497.0,0,939
4927,16626.0,1,47
10451,29672.0,1,8
2926,55951.0,1,93
2874,35388.0,1,18
9738,42386.0,1,24
7119,68627.0,0,392
3924,57912.0,1,80
5827,35246.0,1,16
5596,58821.0,1,187
10812,46377.0,1,53
1717,39747.0,1,141
9491,23976.0,1,27
9274,80950.0,0,625
6609,27038.0,0,91
6963,77457.0,0,471
4440,64100.0,1,27
1379,42670.0,0,72
10032,12571.0,1,33
2826,22574.0,1,10
6320,70893.0,0,726
3050,54198.0,1,33
231,28839.0,1,7
2392,40321.0,1,31
9478,66503.0,1,260
113,30833.0,1,11
1802,64795.0,1,191
520,34421.0,1,18
8275,47025.0,1,3
9750,64325.0,1,503
2607,40464.0,1,165
7214,62187.0,0,365
5835,14849.0,1,35
3896,27255.0,1,13
10350,54432.0,1,5
7786,29999.0,1,81
2861,24072.0,1,10
663,33996.0,0,25
10675,66334.0,1,229
2521,35178.0,1,18
9592,22010.0,1,14
10151,62204.0,1,490
7381,75693.0,0,615
4099,30675.0,1,31
9560,83003.0,0,696
1150,83532.0,0,874
10172,68655.0,0,1044
11191,41411.0,0,84
9707,55212.0,1,45
6245,59292.0,1,115
8234,27190.0,1,14
1411,82623.0,0,563
8553,44300.0,1,9
1826,84835.0,0,783
8842,30372.0,1,22
11030,33181.0,1,3
2579,71113.0,1,332
175,71952.0,1,694
9185,69759.0,0,577
11056,72099.0,0,620
9365,60000.0,1,217
6201,38643.0,1,17
2061,50737.0,1,11
6184,68462.0,0,1061
6142,65073.0,0,263
4107,46681.0,1,118
7274,78618.0,0,1356
9336,62187.0,1,83
2958,28442.0,1,32
933,37717.0,1,11
5837,51479.0,1,182
10704,54803.0,1,147
5125,79530.0,0,986
4432,31615.0,1,40
5955,72025.0,0,866
2928,52614.0,1,163
5680,35684.0,1,17
10313,48178.0,1,57
2557,29548.0,1,11
1245,63810.0,1,293
1519,38578.0,1,32
10703,46098.0,1,27
1726,22585.0,0,39
4459,30279.0,1,26
1729,66426.0,1,177
1517,30822.0,1,36
2098,33581.0,1,5
9543,19986.0,1,13
6878,27421.0,0,226
3310,35688.0,1,106
2724,36143.0,1,1
948,10245.0,1,24
6720,43795.0,1,71
6202,63381.0,1,275
2066,38823.0,1,21
9799,83664.0,1,221
8318,90300.0,0,1087
5642,62499.0,1,78
2669,74293.0,0,671
455,51012.0,0,83
7683,70777.0,1,155
3428,68682.0,0,634
7414,43824.0,1,58
6354,15345.0,1,23
798,23442.0,1,20
8213,14515.0,1,55
2488,31395.0,1,34
9999,75276.0,0,409
7617,42373.0,1,77
615,30507.0,0,168
2552,55521.0,1,26
194,48006.0,1,16
3645,27213.0,1,48
8890,65808.0,1,107
5049,30351.0,1,30
9973,50437.0,1,116
7301,23616.0,1,43
10882,53858.0,1,482
7030,66465.0,1,271
7422,46923.0,1,278
3523,75072.0,1,365
7106,75865.0,0,747
6504,19789.0,1,48
5067,80134.0,0,386
4216,91065.0,0,538
8581,49505.0,1,119
5929,37401.0,1,26
3129,30096.0,1,31
6528,18492.0,1,7
1361,82584.0,0,291
6932,93027.0,0,813
7284,48686.0,1,9
1340,92910.0,0,1211
8746,75433.0,1,331
5987,10404.0,1,29
3767,61314.0,1,458
3725,84865.0,0,424
4324,42387.0,1,258
238,67309.0,1,472
6694,75236.0,1,516
498,30015.0,1,27
9347,50943.0,1,9
9699,67272.0,1,362
10664,51529.0,1,45
5455,32011.0,1,18
456,7500.0,1,26
5012,28691.0,1,25
7495,56223.0,1,75
5029,18100.0,0,10
10642,30279.0,1,26
2106,20130.0,0,22
10364,23295.0,0,15
5954,42618.0,1,106
1137,81246.0,0,944
2541,24027.0,1,29
1142,55707.0,1,185
2276,57959.0,1,405
2807,56796.0,1,308
6471,36230.0,1,42
6131,70829.0,1,267
6233,65991.0,1,455
4148,38988.0,1,142
4947,89572.0,0,1389
3225,42207.0,1,103
7540,50300.0,1,122
10648,66664.0,0,859
1992,60597.0,1,305
7851,70165.0,0,643
8594,50520.0,1,9
7059,80124.0,0,771
2815,33183.0,1,76
2416,66582.0,0,499
7999,75261.0,0,487
9213,31880.0,1,8
9697,53790.0,1,202
3916,49269.0,1,193
2021,61456.0,1,736
1581,37406.0,1,12
564,56937.0,1,152
6619,38415.0,1,18
9081,20518.0,1,12
178,62503.0,1,378
916,41644.0,1,9
5512,55842.0,1,43
8970,62010.0,1,67
10581,41124.0,1,106
5300,38961.0,1,27
5154,37760.0,1,28
8346,32233.0,1,86
1676,43057.0,1,48
9286,83151.0,0,322
2426,78825.0,0,394
5172,65104.0,1,265
5562,60093.0,1,143
3436,14045.0,1,8
3921,28457.0,0,167
3403,78952.0,1,788
22,46310.0,1,110
10965,76005.0,0,699
9426,58308.0,1,79
6605,55614.0,0,152
3136,59432.0,1,334
8737,55563.0,1,12
11088,78642.0,1,403
716,67911.0,1,447
466,65275.0,0,337
9135,27203.0,1,27
10623,48330.0,1,4
8151,24279.0,0,139
5140,64355.0,1,245
10160,50943.0,1,9
4945,53653.0,0,287
10584,65665.0,1,691
6071,81217.0,0,580
3386,34935.0,0,83
8939,61250.0,1,289
9925,39665.0,1,58
4320,60152.0,1,527
5389,48920.0,1,103
6036,89120.0,0,701
182,44124.0,1,61
203,81169.0,0,774
11025,36443.0,1,53
10203,26095.0,1,20
4607,71367.0,0,475
3711,80184.0,0,867
3696,30630.0,1,15
2532,73454.0,0,494
9214,42691.0,0,121
4943,70503.0,0,282
35,25545.0,1,93
2258,32880.0,1,32
4322,77863.0,0,398
713,50353.0,0,266
4702,61839.0,0,775
3281,49154.0,1,134
702,47682.0,1,298
2004,72679.0,1,495
4769,57954.0,1,28
4437,65316.0,1,110
8724,28567.0,1,29
10741,47352.0,1,132
1991,44931.0,1,11
6931,76982.0,0,568
11096,57247.0,1,127
304,22944.0,1,31
3665,25315.0,1,31
10591,43638.0,1,119
5036,42710.0,1,52
5547,84169.0,0,441
7822,54058.0,1,410
8541,24683.0,1,27
10955,85620.0,0,1138
4368,47850.0,1,82
9671,19514.0,1,27
2256,27159.0,1,3
4279,39548.0,1,21
5371,21474.0,1,51
9240,60504.0,1,34
9460,22419.0,0,90
9504,81698.0,0,782
8692,43462.0,1,135
448,54880.0,1,369
8314,79908.0,0,1104
8420,15315.0,0,40
3174,87771.0,1,432
7685,33039.0,1,36
3179,81741.0,0,1285
9780,71499.0,1,293
10681,62466.0,1,677
10232,48799.0,1,133
4184,52157.0,1,36
9120,66565.0,1,276
891,29298.0,1,4
10381,47691.0,1,3
3525,38200.0,1,4
6818,44989.0,1,165
3526,38443.0,1,5
8181,38593.0,1,102
1029,64413.0,1,59
7369,36959.0,1,37
2574,61996.0,1,156
8159,51287.0,1,35
1160,13260.0,1,33
10242,47472.0,1,11
5253,54603.0,1,78
5966,45207.0,1,10
5314,40689.0,1,75
5081,47821.0,1,28
5123,27450.0,0,54
5756,39453.0,1,7
8036,26850.0,1,23
9058,79800.0,0,583
5057,61794.0,1,336
254,53863.0,1,44
4179,24221.0,0,25
3710,39684.0,1,45
7627,92163.0,0,1249
4501,69882.0,0,1021
6424,33178.0,1,21
3075,59973.0,0,252
4992,17459.0,1,33
5252,23910.0,1,38
7444,42169.0,1,9
6919,26224.0,1,44
3537,31089.0,1,44
10277,30081.0,1,2
2453,62807.0,1,194
7972,72906.0,0,697
895,61467.0,1,135
1177,49618.0,1,35
7141,21888.0,1,61
7232,42429.0,1,8
8477,26150.0,1,22
2457,30801.0,1,26
988,81168.0,0,761
7930,26877.0,0,127
4587,45006.0,0,94
6682,18978.0,1,20
6222,22574.0,1,10
10299,48240.0,0,452
3083,45837.0,1,134
8953,35791.0,1,5
8650,54162.0,1,27
10862,30522.0,1,121
2782,54456.0,1,37
6941,31632.0,0,46
10972,72298.0,0,279
10708,36975.0,1,21
6583,72635.0,0,484
3641,13624.0,1,20
10156,84196.0,1,832
4299,70971.0,1,807
3469,34487.0,1,76
5063,28769.0,1,147
10727,69084.0,1,375
9624,65488.0,0,306
5156,62466.0,1,677
4376,32218.0,0,53
8923,83917.0,0,994
8461,46102.0,1,1
6945,84574.0,0,825
944,56181.0,1,224
1907,63120.0,1,443
701,73691.0,1,399
3856,63381.0,1,275
4149,76140.0,0,736
2131,62859.0,1,219
2942,45906.0,1,37
1173,77632.0,0,905
4381,46463.0,1,61
4611,105471.0,0,508
3376,55282.0,1,91
4679,78710.0,1,321
10928,66886.0,1,138
4248,98777.0,0,970
6728,29103.0,1,26
6661,67445.0,1,406
4725,50616.0,1,28
3277,49431.0,1,129
2564,61278.0,1,39
946,26490.0,0,140
3867,73059.0,1,614
6940,46734.0,1,47
55,56253.0,1,83
7093,19986.0,1,13
5084,58330.0,1,468
1777,25965.0,0,61
8162,14661.0,0,20
10826,18690.0,0,35
8754,45068.0,1,3
1987,21063.0,1,43
11007,29187.0,1,6
7426,54690.0,1,69
9153,59304.0,1,620
10379,59247.0,1,164
9204,66731.0,1,517
3197,77353.0,1,336
2920,52614.0,1,163
6961,26751.0,1,9
4673,81300.0,1,201
9937,70337.0,0,298
8779,36145.0,1,98
9596,65295.0,0,293
2891,68118.0,1,179
4910,68743.0,0,827
75,41039.0,0,388
10120,38946.0,1,100
6327,65777.0,0,527
10142,66476.0,1,239
9826,86857.0,0,1175
10767,77845.0,0,560
7279,69476.0,0,717
7230,50611.0,1,30
143,61209.0,0,392
450,42315.0,1,123
9316,13084.0,0,17
6379,47570.0,1,23
9239,61923.0,1,28
8315,34824.0,0,15
2868,26518.0,1,35
10888,45938.0,0,334
1277,78468.0,0,536
9977,78901.0,1,379
10196,71427.0,1,379
6384,71022.0,1,302
8029,90247.0,0,421
968,41335.0,1,70
6988,71952.0,1,694
4472,35682.0,1,16
6991,43185.0,1,70
3336,66375.0,1,45
4301,35178.0,1,18
1940,25252.0,1,11
1272,55250.0,1,173
1388,33249.0,1,64
1044,58398.0,0,248
6969,50272.0,1,130
10479,76618.0,0,615
3619,87305.0,0,727
1715,25851.0,1,34
10159,58710.0,1,571
1463,45160.0,1,10
5114,74806.0,1,286
4990,59111.0,0,190
4329,18988.0,1,9
10936,72190.0,0,1101
4692,7500.0,1,32
7212,44794.0,1,7
6086,80395.0,0,887
437,75012.0,0,582
11171,56962.0,1,93
11101,89891.0,0,241
5329,35946.0,1,3
610,53593.0,1,88
9384,66373.0,1,169
5956,45072.0,1,110
10430,89694.0,1,304
7875,72025.0,0,710
7072,67432.0,1,733
6255,70545.0,1,175
6516,17487.0,1,12
5564,62882.0,1,732
5682,64108.0,1,130
7458,34941.0,1,34
5237,48767.0,1,25
7761,38702.0,1,56
5278,82224.0,0,555
3560,83844.0,0,482
7235,17003.0,1,29
10548,71163.0,0,633
2281,33697.0,1,13
4073,63564.0,0,381
6974,83443.0,0,895
7938,51518.0,1,95
7094,58330.0,1,468
3667,80952.0,0,935
7723,75507.0,0,651
3870,63855.0,0,558
4012,62220.0,1,415
5909,58512.0,1,124
10470,40662.0,1,29
6488,38829.0,1,7
10270,35523.0,1,44
6887,79146.0,1,303
6406,78285.0,0,740
7573,31626.0,1,13
4508,75127.0,0,403
221,48726.0,1,45
5331,74985.0,0,1196
1911,67430.0,0,648
20,46891.0,1,79
8786,62058.0,1,91
10582,72063.0,1,488
1915,78939.0,0,508
8897,42720.0,1,150
2371,33622.0,1,30
4303,6835.0,1,18
6825,41452.0,1,3
1072,40760.0,1,17
4964,74250.0,0,478
2461,51124.0,1,13
10736,72258.0,1,869
3194,71466.0,0,818
10839,36283.0,1,18
49,20587.0,1,14
4290,30467.0,1,18
10219,31590.0,1,29
4211,20425.0,1,36
1135,17144.0,1,23
6299,42564.0,1,291
10846,43783.0,1,163
347,40780.0,1,114
6543,62847.0,0,1030
10446,82017.0,0,522
3479,16813.0,0,33
11075,51267.0,1,75
4442,46524.0,1,94
199,45183.0,0,84
6722,70421.0,1,253
796,60161.0,1,310
3749,73926.0,0,938
8523,19329.0,1,31
310,61872.0,1,227
8629,46984.0,1,14
236,34838.0,1,95
9930,82716.0,0,539
3483,48192.0,0,458
4599,49681.0,1,26
7326,56850.0,1,29
7352,55267.0,1,199
2350,59666.0,1,271
9145,72504.0,1,780
2964,26872.0,0,37
5585,21359.0,1,26
9687,73170.0,0,510
3732,52750.0,1,398
6303,91820.0,0,1057
11176,65968.0,1,115
2986,30772.0,1,9
7462,22507.0,0,434
3900,65685.0,1,70
7034,25804.0,1,35
9493,76412.0,0,951
1143,22063.0,1,37
1,57091.0,0,76
3855,22419.0,0,90
5536,87771.0,1,432
5989,78353.0,1,790
9499,93404.0,1,322
6768,37859.0,1,12
2150,80995.0,1,566
6646,16529.0,1,18
4887,55412.0,1,45
8560,48789.0,0,184
3321,56575.0,1,111
11003,25130.0,1,30
10402,35441.0,1,13
9904,71391.0,1,566
6141,49494.0,1,112
5687,81702.0,0,883
10856,45889.0,1,7
5121,56628.0,1,111
4186,34026.0,1,41
368,40049.0,1,171
3312,34176.0,1,64
11121,19419.0,1,61
5332,82504.0,0,650
5848,81205.0,0,1155
10343,61618.0,0,535
5935,55284.0,1,154
2895,49980.0,1,77
10262,15072.0,1,27
7848,49166.0,1,34
9477,65324.0,1,155
4856,82347.0,0,1234
7186,30843.0,1,2
5794,46374.0,1,21
1456,60474.0,1,745
4877,38576.0,1,7
425,55357.0,1,289
3007,37758.0,1,12
1031,85710.0,0,429
4297,23228.0,1,27
807,44602.0,1,91
9553,7500.0,0,10
4271,38683.0,1,229
4120,49514.0,1,188
2036,57906.0,1,143
115,43456.0,1,111
4259,19485.0,1,4
8687,53172.0,1,240
2447,30545.0,1,53
10140,70123.0,0,419
9353,62450.0,1,442
3623,21675.0,1,37
738,42395.0,1,109
7631,61346.0,1,285
4789,80812.0,0,875
773,42835.0,1,118
10602,39922.0,1,91
1446,86424.0,0,771
3270,17117.0,1,109
8443,24762.0,1,40
9653,35797.0,1,20
8916,36627.0,1,6
8017,51111.0,1,30
5830,86857.0,0,1175
4597,82072.0,0,1000
7023,46231.0,1,62
8086,42243.0,1,2
8825,51195.0,1,276
2930,68092.0,0,381
1928,31814.0,1,28
7108,51390.0,1,92
10925,76630.0,0,573
9960,26868.0,1,12
8800,48948.0,0,423
9224,55260.0,1,72
5519,64090.0,1,346
5046,78331.0,1,821
7037,37087.0,1,204
905,21846.0,1,51
8624,81320.0,0,688
8945,54137.0,1,12
6445,66825.0,0,575
2727,57100.0,0,132
6404,58917.0,1,103
11074,85072.0,0,688
10150,86429.0,0,948
1968,45684.0,1,16
6534,47889.0,1,34
9485,45921.0,0,85
7053,78420.0,0,821
4654,75114.0,0,658
9760,52278.0,1,71
1048,35641.0,1,87
10619,95529.0,0,1196
9308,62820.0,0,525
10505,73113.0,0,232
8362,84169.0,0,441
2625,42607.0,1,147
4637,74637.0,0,674
9972,46015.0,1,2
4483,72354.0,0,731
4487,39858.0,1,54
4988,34469.0,1,31
8931,83033.0,1,916
5871,24401.0,0,279
2008,77583.0,0,669
3139,74116.0,0,1015
10037,74293.0,0,671
10673,68397.0,1,576
5303,79632.0,0,630
538,46107.0,1,61
7922,64950.0,1,84
5692,25443.0,1,24
4843,75127.0,0,403
6383,32892.0,1,18
1628,71796.0,0,574
1204,67536.0,1,541
3673,55239.0,1,302
760,60554.0,1,208
8957,64831.0,1,496
4128,56067.0,1,88
6810,82025.0,0,822
5386,94384.0,0,1019
8700,14906.0,0,44
3202,51563.0,0,48
1328,57937.0,1,289
8405,68274.0,1,124
6515,39771.0,1,30
2882,67893.0,1,237
7574,27922.0,1,19
6387,52190.0,1,17
5320,44051.0,1,74
5048,42767.0,1,73
8146,46106.0,1,10
10031,16927.0,1,29
5748,59754.0,1,221
2134,53700.0,1,348
1523,59041.0,1,21
9665,54237.0,1,37
4640,70647.0,1,404
3635,52597.0,1,44
3547,41021.0,1,38
2456,40233.0,1,67
5633,50183.0,1,119
7801,54753.0,1,400
10489,92955.0,0,1001
7011,33471.0,1,38
2620,34596.0,1,2
3933,44010.0,1,428
10981,84219.0,0,719
1734,40706.0,1,17
10995,15716.0,1,50
6357,59052.0,1,230
9209,80573.0,0,720
10286,83715.0,0,600
2611,82576.0,0,686
1600,56962.0,1,93
3308,35704.0,1,34
5407,53103.0,1,161
2166,46779.0,1,4
3955,4861.0,0,3
6634,33462.0,1,21
3056,63693.0,1,509
5718,80763.0,0,510
6872,65352.0,1,98
8164,82170.0,0,848
4580,75759.0,0,910
9305,79689.0,0,883
453,35340.0,1,13
8545,85683.0,0,442
9850,24884.0,1,13
7378,42021.0,1,153
7646,64449.0,1,517
1640,64587.0,1,22
5184,34824.0,0,15
8492,75437.0,0,698
11188,26091.0,1,54
1212,52845.0,1,488
9097,46086.0,1,49
10473,78028.0,1,332
7962,95169.0,0,596
9984,56337.0,1,193
5527,22434.0,1,39
6374,36930.0,1,35
7453,36130.0,1,294
8952,65569.0,1,392
241,83844.0,0,482
8975,19514.0,1,27
6119,36736.0,1,3
5236,77568.0,1,806
5723,49187.0,1,35
1710,30168.0,1,98
1970,34053.0,1,28
5313,38196.0,1,11
10634,59412.0,0,305
7010,70924.0,0,652
8562,54165.0,0,98
3158,32300.0,1,20
4436,20180.0,0,101
5287,34961.0,1,33
2445,28440.0,1,25
6059,64504.0,1,220
4550,33564.0,1,3
4240,17345.0,1,42
8911,56320.0,1,418
3706,28647.0,1,49
3628,15038.0,1,50
10175,32173.0,1,2
8985,68316.0,1,372
5204,74538.0,0,1053
9220,91700.0,0,1373
9888,68695.0,0,593
5263,31056.0,1,34
1020,79593.0,0,871
9503,28071.0,0,230
10613,37334.0,1,21
67,46423.0,1,16
6019,37126.0,1,20
5863,47703.0,1,173
3717,61180.0,1,83
6730,38998.0,1,15
10749,8028.0,0,103
4998,76081.0,0,541
6287,34728.0,1,16
5985,33168.0,1,39
4754,33585.0,1,63
4002,77037.0,1,650
8870,35196.0,1,235
966,44529.0,1,127
4767,70924.0,0,652
9725,28764.0,1,3
4475,69098.0,0,947
5740,25959.0,1,26
5731,27100.0,1,15
7290,70596.0,0,595
3846,42557.0,1,63
8104,53312.0,0,12
4507,72228.0,0,563
11013,67605.0,0,548
4491,62845.0,1,45
3759,65196.0,1,212
1162,42000.0,0,494
2055,35860.0,1,14
10766,65526.0,1,100
4415,16860.0,1,14
3005,83528.0,0,973
2223,64176.0,1,462
4817,22304.0,0,13
2875,67023.0,0,445
10536,32892.0,1,18
11112,70713.0,1,551
3807,59925.0,1,237
9197,39722.0,1,7
10832,46610.0,0,54
6421,88347.0,0,948
4207,87171.0,0,253
577,26907.0,1,11
10855,50014.0,1,120
3081,41014.0,1,10
3535,66294.0,0,599
247,36715.0,1,169
8707,79456.0,0,737
9523,40479.0,1,10
6072,75345.0,0,1036
6295,54233.0,1,187
10914,24163.0,1,11
1509,84460.0,0,290
5577,43776.0,1,12
7348,71691.0,0,813
1127,85844.0,0,982
1833,39190.0,1,53
4944,71367.0,0,475
9080,38578.0,1,32
6466,57236.0,1,12
9964,61825.0,1,235
4790,79803.0,1,261
10245,80910.0,0,555
1109,27590.0,1,5
6001,56775.0,1,288
5538,83829.0,0,938
10552,54210.0,1,252
1545,38508.0,1,269
7409,53187.0,1,46
4444,30023.0,1,29
146,76045.0,0,563
6271,50870.0,1,8
10065,15315.0,0,40
4741,65463.0,1,155
246,66480.0,1,107
375,76773.0,0,624
1524,81698.0,0,350
10022,54466.0,1,4
7451,98777.0,0,970
11010,16269.0,1,25
4356,71819.0,1,182
3885,33569.0,1,23
1175,36262.0,0,185
880,22634.0,0,48
2320,47025.0,1,98
850,70566.0,1,355
4713,31605.0,1,45
675,52034.0,1,113
5025,48526.0,1,103
2308,46734.0,1,191
5995,39552.0,1,178
6749,86358.0,1,670
1010,46931.0,1,21
8977,16581.0,0,12
4756,63998.0,0,880
3412,67381.0,1,72
606,25930.0,1,5
5961,42693.0,1,33
2975,85606.0,1,1155
2894,72903.0,0,907
7613,49669.0,1,131
10542,36778.0,1,44
8015,85696.0,0,587
10617,10979.0,0,18
11166,49678.0,1,66
849,56129.0,1,292
523,37155.0,1,48
4066,21282.0,1,25
8414,33419.0,1,12
819,63285.0,0,461
4961,21255.0,1,29
749,42162.0,1,72
5430,54450.0,1,198
7755,57744.0,1,42
10525,26576.0,1,8
1453,57513.0,0,295
8310,68142.0,1,525
10710,7500.0,1,8
5031,83145.0,0,942
2613,54197.0,1,62
213,23091.0,1,11
967,46049.0,1,154
1077,56715.0,0,753
7959,79410.0,0,699
640,57304.0,1,564
4252,44375.0,1,47
8432,54450.0,1,198
6218,59594.0,1,33
6905,80685.0,0,709
5922,40344.0,1,6
3598,62710.0,1,154
6116,48985.0,1,48
6263,35322.0,1,65
10486,77142.0,0,417
2410,81657.0,0,683
193,14421.0,0,8
3363,20130.0,0,22
8278,74214.0,0,815
10660,66726.0,1,42
8686,23724.0,1,56
1604,47353.0,1,37
5907,33444.0,1,8
10669,54386.0,1,168
2918,28510.0,1,28
5735,90638.0,0,1273
359,48070.0,1,112
8387,43140.0,1,90
1829,54959.0,1,60
3839,15056.0,1,42
9392,26954.0,1,12
2292,22327.0,1,14
10466,44393.0,1,26
9855,62000.0,1,101
4088,31497.0,1,43
5231,45894.0,1,11
590,78579.0,0,897
8732,67369.0,1,121
2315,58401.0,1,57
3515,62307.0,1,63
2245,43641.0,1,59
6283,63841.0,1,142
2246,46891.0,1,79
6606,70091.0,1,186
5545,78075.0,0,336
7342,59184.0,1,665
837,54809.0,1,89
9500,58113.0,1,453
3602,51412.0,1,41
234,15287.0,1,17
2995,66636.0,0,793
1118,50965.0,1,112
7789,84618.0,0,988
3068,18351.0,0,35
8955,40451.0,1,4
945,36317.0,1,33
5644,42213.0,1,34
7192,65748.0,1,339
2324,77044.0,1,364
697,74918.0,0,1016
3439,56721.0,1,64
1506,42160.0,1,72
232,61559.0,1,217
8876,33629.0,1,16
4500,68682.0,0,634
9739,34377.0,1,26
10395,8940.0,1,58
1176,26228.0,1,14
1627,77297.0,0,340
938,40211.0,1,11
2740,33438.0,1,22
257,75032.0,1,251
4058,61284.0,0,148
7736,22518.0,1,23
8210,54730.0,1,31
833,38452.0,1,14
6230,44421.0,1,72
7325,38197.0,1,14
1307,41986.0,1,24
1502,28427.0,1,28
6211,37395.0,1,10
843,64722.0,1,487
4174,55249.0,1,22
9757,84906.0,0,558
6918,28691.0,1,25
286,44213.0,1,50
11086,25707.0,1,17
1921,59062.0,1,16
4138,76624.0,1,422
7718,66000.0,0,422
1291,27683.0,1,154
6862,1730.0,0,6
4136,7500.0,1,69
803,40521.0,1,5
4298,20427.0,1,4
10833,65106.0,1,164
9606,69969.0,0,610
8534,67433.0,1,347
5153,77766.0,1,498
961,74716.0,1,656
5011,68118.0,1,179
6653,55158.0,1,102
9094,62972.0,1,82
810,74190.0,1,426
5493,39356.0,1,2
2147,76653.0,0,1417
5107,35860.0,1,14
3979,90687.0,0,746
6049,73450.0,0,625
8147,31454.0,1,11
1857,47139.0,1,14
3910,83829.0,0,938
5207,53378.0,1,172
11114,19656.0,1,27
5429,45579.0,1,37
9400,85485.0,0,699
1740,55956.0,0,201
7488,64191.0,1,390
195,38808.0,1,91
635,57183.0,1,76
7527,23748.0,1,62
10319,66303.0,1,136
2296,37368.0,1,17
10637,40800.0,1,65
2931,71847.0,0,245
907,46149.0,1,81
3698,78687.0,0,1072
9516,49118.0,0,490
679,37633.0,1,24
7384,39767.0,0,325
5043,26997.0,0,283
5267,33986.0,1,23
339,57091.0,1,30
2516,46831.0,1,22
9010,83151.0,0,1168
378,52531.0,0,386
4808,15759.0,0,13
5068,22804.0,1,11
7628,43050.0,1,38
7128,42997.0,1,6
2811,48918.0,1,9
3551,60033.0,1,88
1663,34043.0,1,19
5543,57811.0,1,179
1577,78569.0,0,1083
10641,7500.0,1,26
6024,94384.0,0,1019
1878,23148.0,0,23
3099,44267.0,1,78
6055,71626.0,0,687
5841,60894.0,1,172
3972,50200.0,1,71
4394,81051.0,0,345
5758,65169.0,0,69
6658,59868.0,1,269
4603,65695.0,1,279
8427,64857.0,0,941
10260,45143.0,1,95
7143,74805.0,1,574
8789,59060.0,1,227
6197,27238.0,1,17
4554,47009.0,1,187
4937,46094.0,1,27
1920,40321.0,1,31
8749,37235.0,1,21
1650,81843.0,0,726
10377,46692.0,1,139
9206,77382.0,1,496
10971,37774.0,1,124
6398,18393.0,1,39
9212,72828.0,1,268
7937,24711.0,0,41
839,45503.0,1,55
4246,6560.0,0,44
158,71604.0,0,754
4832,27244.0,1,49
5621,48752.0,1,243
1945,71434.0,1,521
5147,90842.0,0,557
2535,88097.0,1,606
11039,51948.0,1,188
9495,71853.0,0,759
9635,35876.0,0,49
2173,40049.0,1,16
942,39660.0,1,124
9386,50127.0,1,31
5510,43263.0,1,77
873,62845.0,1,45
2253,18929.0,0,35
5181,24367.0,1,17
979,33249.0,1,64
10390,26887.0,1,18
4698,50150.0,0,264
7793,62061.0,1,121
1745,85696.0,0,587
10590,76542.0,0,675
5080,70515.0,0,698
8369,18227.0,1,16
5232,69139.0,1,135
2407,69109.0,0,637
3834,69627.0,1,577
7912,38136.0,1,62
7712,62159.0,0,423
1065,80695.0,0,1343
7275,33316.0,1,40
1343,58554.0,1,130
1384,17256.0,1,34
9967,53034.0,1,237
6181,52203.0,0,423
10507,59601.0,1,83
2674,75154.0,1,518
2698,47025.0,1,135
3231,37971.0,1,18
4096,41335.0,1,70
10476,67267.0,1,87
5948,57338.0,1,77
9140,50523.0,1,39
10258,35791.0,1,5
5675,50611.0,1,30
4743,56242.0,1,194
8805,48904.0,1,61
1542,56243.0,1,42
6770,21355.0,1,32
8773,57420.0,1,18
10420,46390.0,1,89
7514,54342.0,1,65
793,20895.0,1,23
10909,92344.0,0,788
8702,26907.0,1,11
4791,44964.0,1,20
2963,75507.0,0,651
8216,53761.0,1,96
8140,22682.0,1,49
10146,38887.0,1,14
5289,41658.0,1,35
2587,29791.0,1,6
4405,63915.0,1,152
8663,39996.0,1,3
2589,26759.0,1,32
3421,63841.0,1,142
10490,51039.0,1,208
4094,60544.0,1,53
9958,65685.0,1,70
2534,37716.0,1,50
4188,36864.0,1,61
6613,44511.0,1,200
10827,36947.0,1,29
5491,47352.0,1,132
8402,67087.0,1,422
8783,57045.0,1,141
10010,36957.0,1,21
618,69389.0,1,360
9121,80134.0,1,392
361,43142.0,1,11
4310,80589.0,0,895
2678,34412.0,1,102
6376,57537.0,1,254
524,22634.0,0,48
10341,51315.0,0,113
5654,36026.0,1,24
4098,24639.0,1,23
5824,34578.0,1,1
7000,65704.0,0,292
2561,63810.0,1,293
5229,54132.0,1,9
4086,18690.0,0,35
2428,28164.0,1,63
8254,34596.0,1,2
2836,43269.0,1,8
8418,38741.0,1,41
1362,31907.0,0,342
7152,27100.0,1,15
10033,31163.0,1,26
9349,92533.0,0,396
274,34853.0,1,23
3388,70844.0,1,163
922,31086.0,1,16
8588,60544.0,1,53
2518,20491.0,0,15
574,42523.0,0,76
3220,39922.0,1,91
5967,33402.0,1,36
1183,36408.0,1,10
6856,21645.0,1,32
4530,78427.0,0,820
1553,82657.0,0,1191
4682,51876.0,0,205
8204,78041.0,0,820
5221,52852.0,1,118
1232,70038.0,0,527
1927,69401.0,1,252
5788,46053.0,1,128
6652,77343.0,0,876
6246,73892.0,0,761
5975,40304.0,1,17
6875,32727.0,0,292
4399,68695.0,0,593
4042,43300.0,1,58
2157,26290.0,1,40
10133,93790.0,0,1002
2525,38410.0,0,367
8233,64866.0,1,38
9483,57957.0,1,318
2945,46015.0,1,2
10403,16531.0,1,31
5074,28072.0,1,12
10524,49476.0,1,213
4690,50725.0,1,95
7521,83844.0,0,482
7196,41145.0,1,3
4406,67419.0,1,583
9672,23162.0,1,35
4864,34380.0,1,79
4706,34704.0,1,6
4070,94871.0,1,765
25,65148.0,1,502
3697,39898.0,1,53
217,64857.0,0,941
4220,59892.0,1,14
5286,41020.0,0,69
9559,57072.0,1,60
2849,60474.0,1,745
7787,62807.0,1,194
3102,19414.0,1,23
5868,19107.0,1,28
8370,75484.0,1,747
9988,70379.0,1,299
2939,79419.0,0,849
5529,64014.0,1,30
9743,76998.0,1,354
5763,49854.0,1,227
3478,60585.0,1,448
7494,42873.0,1,45
1763,87679.0,0,1232
7250,57867.0,1,251
2005,35765.0,1,38
10770,65492.0,0,751
6885,32952.0,1,16
2072,53374.0,1,134
9463,71706.0,1,498
6318,68487.0,0,519
4093,53253.0,1,95
5751,31163.0,1,26
3340,42014.0,1,142
3594,54108.0,1,111
3584,49667.0,0,176
3643,63206.0,0,152
851,57136.0,1,244
7706,46772.0,1,641
3967,78931.0,0,577
10128,53977.0,1,205
486,84219.0,0,719
9,46098.0,1,27
9451,73538.0,1,740
9264,79529.0,0,1018
3865,20981.0,0,41
2853,51766.0,1,164
1490,55759.0,1,102
6310,33039.0,1,36
10380,37787.0,1,48
3887,27242.0,1,64
4278,87188.0,0,958
8643,69930.0,0,1214
1998,37697.0,1,42
10795,37401.0,1,26
11110,3502.0,1,2
2408,58597.0,1,222
202,82032.0,0,845
7998,28087.0,1,38
830,74004.0,0,826
3536,19740.0,1,28
6050,57036.0,1,295
125,53083.0,1,43
3463,69283.0,1,222
2804,46098.0,1,27
3745,23331.0,1,53
9771,23331.0,1,160
451,9255.0,1,9
10530,67786.0,0,623
1079,71969.0,1,76
8920,59235.0,1,589
6678,31928.0,1,34
3852,74881.0,1,405
528,65819.0,0,1053
73,51411.0,1,3
5589,51983.0,1,132
10212,42386.0,1,24
6365,30390.0,0,50
5636,30983.0,0,67
591,66033.0,1,319
2217,37284.0,1,6
2544,57530.0,1,41
7725,76800.0,0,387
8091,63943.0,1,662
7321,76081.0,0,541
5462,67445.0,1,406
7791,37054.0,1,8
955,47175.0,1,54
4037,31859.0,1,12
6642,27215.0,1,44
2793,70179.0,1,369
5424,39922.0,1,91
879,49681.0,1,26
9530,24645.0,1,12
4828,79865.0,1,683
10699,44322.0,1,43
1497,47958.0,1,117
7476,63972.0,1,329
4390,75315.0,1,351
10478,55517.0,1,114
1081,75283.0,1,220
4261,82800.0,0,264
9916,38998.0,1,15
5350,90638.0,0,1273
8135,27161.0,1,34
8685,42014.0,1,142
4967,38201.0,1,23
2130,45203.0,1,88
9298,81574.0,0,546
8175,34935.0,0,83
6257,60482.0,1,228
3790,34633.0,1,6
9952,78093.0,0,727
3503,82460.0,0,704
5223,45903.0,1,30
4608,81361.0,0,539
1626,35860.0,1,14
4764,40442.0,1,111
2471,61482.0,0,208
5892,34968.0,1,61
2612,75794.0,0,880
4971,31497.0,1,43
5185,74268.0,0,652
10069,13724.0,1,29
2262,45143.0,1,95
1131,52569.0,1,3
1041,48432.0,1,60
24,17144.0,1,23
3409,36108.0,1,151
7022,76445.0,1,636
7943,36663.0,1,12
5272,53843.0,1,111
5453,90226.0,0,1161
2565,70638.0,0,255
800,44512.0,1,7
11092,27116.0,1,26
5062,54072.0,1,4
8969,71855.0,1,565
4656,51250.0,1,328
4480,60432.0,1,25
9971,65526.0,1,100
6729,68655.0,0,1044
1773,12393.0,0,39
9242,64509.0,0,809
1764,33955.0,1,160
6215,31353.0,1,14
10099,55434.0,1,568
5423,28359.0,1,8
940,57100.0,1,136
3011,69139.0,1,135
3298,52973.0,1,97
8286,51717.0,1,19
9668,18793.0,1,53
5120,66664.0,0,859
6097,50664.0,1,122
7019,54414.0,1,84
7408,54549.0,1,8
8041,47111.0,1,456
252,41003.0,0,390
9986,19444.0,1,28
3276,36301.0,1,55
3859,73059.0,1,614
3570,42731.0,1,61
3783,52854.0,1,11
10207,22775.0,1,9
10906,46681.0,1,118
3427,59821.0,1,70
5209,50002.0,1,113
10711,69755.0,0,584
10785,44078.0,1,13
2814,30560.0,1,15
6866,35924.0,1,19
1665,64140.0,1,76
6575,56386.0,1,307
3829,24594.0,1,19
3091,75774.0,1,427
10141,39228.0,0,10
5177,58494.0,1,79
7005,58684.0,0,249
6409,57136.0,0,785
7485,56551.0,1,55
8079,22448.0,1,34
8395,82014.0,0,500
10352,34213.0,1,41
13,25358.0,1,5
1834,35544.0,1,33
2285,36634.0,1,92
2295,62670.0,1,248
1378,50334.0,1,276
2781,72066.0,0,755
1165,50729.0,1,205
1404,34916.0,1,138
6457,64892.0,1,310
2639,43602.0,1,30
8299,33996.0,0,25
6437,41473.0,1,46
6912,63246.0,1,172
7327,36732.0,1,19
5299,69084.0,1,375
4127,77766.0,1,498
8143,37929.0,0,53
1964,86610.0,0,1104
3690,80141.0,0,867
3433,72635.0,0,484
3389,69016.0,1,646
4712,20193.0,0,65
1170,27573.0,1,179
6347,15862.0,1,25
4065,49544.0,1,73
8230,33228.0,1,44
1215,70440.0,0,794
5939,38232.0,1,46
2156,22554.0,1,10
7788,23536.0,1,3
10323,49413.0,1,53
7947,42231.0,1,9
1891,78789.0,0,1004
2570,56534.0,1,78
9256,58350.0,1,428
295,81217.0,0,580
7397,49090.0,1,94
6349,61787.0,0,613
10790,18169.0,1,5
10398,24336.0,1,18
2431,18222.0,0,41
550,62335.0,1,439
1890,42033.0,1,7
10742,86580.0,0,194
10356,41437.0,1,2
4676,73705.0,1,976
8852,61064.0,1,513
3565,38452.0,1,14
5294,18358.0,1,47
1958,55012.0,1,65
7349,9722.0,1,55
8799,38175.0,1,80
1351,58656.0,1,246
1045,52117.0,1,147
7732,64813.0,1,400
8070,54222.0,1,58
477,83512.0,0,996
7832,77520.0,1,528
2202,41154.0,1,18
7396,80398.0,0,1229
4055,18746.0,1,42
10340,35196.0,1,235
10091,60230.0,1,507
7629,22108.0,1,20
10640,44392.0,1,95
3498,55424.0,1,308
6742,17688.0,1,7
1172,92491.0,0,1033
569,90273.0,0,1176
4686,82571.0,0,746
1381,38513.0,1,134
2634,16653.0,1,57
10905,42586.0,1,58
1744,23529.0,1,25
1000,74881.0,1,405
3828,71107.0,1,599
8605,46910.0,1,14
10304,18690.0,0,35
4351,37244.0,1,12
10129,82427.0,0,867
2499,75342.0,1,333
10092,70044.0,1,417
7500,79146.0,1,303
5796,77437.0,0,536
10556,54984.0,1,179
1064,42403.0,1,17
48,55761.0,1,16
7610,37292.0,1,119
263,45576.0,0,64
10814,70321.0,0,882
9710,58086.0,1,69
9292,81795.0,0,970
10250,28389.0,0,19
7881,66835.0,0,272
5847,69901.0,1,421
737,80360.0,0,695
3571,63342.0,1,162
7807,44989.0,1,165
3878,31859.0,1,34
5092,51569.0,1,53
2154,30372.0,1,22
5394,16014.0,1,28
3798,41120.0,1,33
3524,39763.0,1,71
5247,38725.0,1,9
5883,77981.0,1,466
2118,62905.0,1,397
8812,13533.0,1,19
6616,59481.0,1,225
2797,72117.0,1,316
4328,21955.0,1,39
9167,67131.0,1,449
10560,36802.0,1,3
2631,71853.0,0,759
8312,28249.0,0,32
5534,47808.0,1,29
5093,25509.0,1,50
7592,51012.0,0,83
8895,70596.0,0,595
8584,85431.0,0,736
2694,42664.0,1,3
8910,42586.0,1,58
7433,29760.0,1,84
164,28973.0,0,51
10477,39435.0,1,18
2681,65370.0,0,361
5150,20194.0,1,32
5283,42473.0,1,26
9645,64590.0,0,388
10678,71232.0,1,247
7261,34600.0,1,104
9648,46904.0,1,69
2870,49094.0,1,57
8008,36075.0,1,43
1513,60839.0,1,522
6173,77298.0,1,465
1419,34026.0,1,41
9150,48918.0,1,9
7960,82122.0,0,548
1250,37697.0,1,42
9905,34074.0,1,53
10691,28520.0,1,12
7002,62535.0,1,183
2952,36273.0,1,38
8439,63404.0,1,151
762,75774.0,1,427
2831,78416.0,1,543
6977,75702.0,1,811
6289,59385.0,1,14
4168,37070.0,1,163
8397,44689.0,1,5
9284,53977.0,1,205
6237,7144.0,1,44
3130,18701.0,1,22
1619,90369.0,0,1279
1990,63159.0,0,795
5513,37758.0,1,12
269,46757.0,1,244
8093,79734.0,0,325
10513,63207.0,0,994
10177,72071.0,1,657
2549,21840.0,1,9
5782,58582.0,1,319
10057,72282.0,0,675
10307,50387.0,1,122
8566,32583.0,1,3
2415,62568.0,1,530
5684,44635.0,1,9
8334,33316.0,1,40
9166,63967.0,1,333
1440,52513.0,0,550
78,25293.0,1,13
5441,54111.0,1,71
5302,78394.0,0,964
4687,80739.0,0,867
1087,22669.0,1,109
6859,29236.0,1,53
9860,44911.0,1,25
7129,54693.0,1,208
5866,48186.0,1,88
10521,54809.0,1,89
7393,41580.0,1,33
7849,80336.0,0,777
332,47743.0,1,57
9847,62972.0,1,82
531,57333.0,1,545
9576,32313.0,1,66
6906,84953.0,0,785
7419,27071.0,1,24
3170,68148.0,0,568
8527,65735.0,1,145
7872,86836.0,0,315
9931,4023.0,1,3
10595,30093.0,0,51
4609,57705.0,1,63
5010,25008.0,1,23
4427,83257.0,0,762
11148,22280.0,1,9
1168,72159.0,0,1026
9595,64260.0,0,1005
10163,82733.0,0,573
2886,74290.0,1,84
6710,58217.0,1,22
5316,21024.0,0,30
9029,70116.0,0,800
521,54006.0,1,310
1459,69063.0,1,236
10241,11448.0,0,8
1630,61825.0,1,235
3254,70886.0,1,500
9064,69109.0,0,637
3678,60208.0,1,109
4227,32889.0,1,19
9467,34738.0,1,15
8486,30538.0,1,63
2186,82326.0,0,1136
3286,26642.0,1,21
8602,69932.0,1,580
3722,44503.0,1,9
6715,60200.0,1,157
4796,49638.0,1,21
9612,23830.0,0,26
3766,33051.0,0,516
1399,72905.0,0,905
1570,69702.0,1,318
3426,70300.0,1,505
3074,70643.0,0,577
8341,30396.0,1,7
5180,50616.0,1,17
6461,62772.0,1,257
7679,30298.0,0,22
10702,52413.0,1,253
7505,44155.0,1,10
5113,86979.0,0,1083
10858,76532.0,1,435
2961,42081.0,1,180
2747,67546.0,0,1090
3010,88420.0,0,959
5790,31158.0,1,42
6892,61671.0,1,63
1743,69719.0,0,485
3578,49160.0,1,99
8462,24882.0,1,43
5558,90933.0,0,586
4619,113734.0,0,268
8780,59292.0,1,115
10789,45759.0,1,22
10779,22148.0,0,23
5896,73395.0,0,114
2337,29819.0,1,28
10951,45688.0,1,18
544,62820.0,0,525
17,60491.0,1,315
10680,33235.0,1,19
3265,35701.0,0,20
5623,31535.0,1,17
5832,92556.0,0,742
5544,67384.0,1,426
6417,80573.0,0,720
5831,77870.0,1,665
7101,52278.0,1,71
10176,57107.0,1,120
2326,18929.0,0,35
4385,36038.0,1,17
2929,20180.0,0,101
10686,34230.0,1,4
2546,31878.0,1,24
3283,70932.0,1,524
3138,91249.0,0,325
4994,77598.0,0,509
7966,80982.0,1,664
3112,22701.0,1,17
10872,55212.0,1,45
2181,70617.0,0,900
1867,64849.0,0,576
1518,62694.0,1,279
5734,61917.0,1,44
2878,67472.0,1,183
1458,21059.0,1,28
7007,29543.0,1,28
6200,75903.0,1,461
1403,34984.0,1,27
4827,54998.0,1,293
6250,54356.0,1,65
9291,34242.0,1,6
2478,25410.0,1,32
1139,73356.0,0,350
5138,28320.0,1,20
5393,23763.0,1,14
10413,72570.0,0,591
5015,34529.0,1,53
10868,70792.0,0,814
10676,63211.0,0,883
2495,83891.0,1,584
7842,36065.0,1,53
9955,39898.0,1,53
6663,51141.0,0,7
2162,56939.0,1,256
3434,80872.0,0,745
7919,72335.0,0,807
5626,61798.0,0,112
6428,76842.0,0,493
8514,29478.0,1,11
10448,46998.0,1,178
2109,96843.0,0,1079
7530,56551.0,1,55
8925,70053.0,1,411
3009,71670.0,0,144
6355,44359.0,1,24
3517,40887.0,1,68
1158,48877.0,1,18
6203,74485.0,0,1186
7165,64474.0,1,349
3595,77226.0,1,486
8537,72643.0,0,850
4331,85738.0,0,445
6281,55686.0,1,283
4338,39062.0,1,9
2452,34600.0,1,104
9507,40794.0,1,123
8360,54690.0,1,69
10311,4428.0,1,22
5117,32632.0,0,460
4867,38236.0,1,20
9289,36781.0,1,21
10913,31385.0,1,15
3032,24570.0,1,121
8524,25509.0,1,50
3334,94642.0,0,1189
4470,58646.0,1,56
1406,53201.0,1,108
8619,21994.0,1,10
10821,57113.0,1,39
4552,51373.0,0,193
898,23477.0,1,80
9797,58116.0,1,164
10949,72968.0,0,811
8212,39791.0,1,68
6248,91712.0,0,893
10164,94472.0,1,658
4547,13672.0,1,14
6815,96547.0,0,299
4122,79205.0,0,347
10841,56559.0,1,227
5370,32644.0,1,151
176,67506.0,1,174
4860,24206.0,1,15
10757,28420.0,1,9
4023,22979.0,1,77
6679,33279.0,0,6
9923,46423.0,1,16
7181,30368.0,1,15
3599,63684.0,1,809
405,41638.0,1,35
6870,68805.0,1,81
832,65814.0,1,151
2002,71964.0,0,1197
3657,39146.0,1,59
500,96876.0,0,1012
1951,34445.0,0,581
3262,68281.0,0,619
4102,37284.0,1,6
7042,36790.0,0,53
10598,27943.0,1,22
255,22263.0,1,2
2375,30261.0,1,8
9829,28587.0,1,43
6214,43815.0,1,50
4954,48195.0,1,154
7861,77027.0,1,344
4837,71322.0,1,348
9423,32765.0,1,30
4198,29672.0,1,8
153,23272.0,0,15
9323,49912.0,1,312
10001,7500.0,1,61
3945,68117.0,1,276
3799,67225.0,1,410
8625,17649.0,1,29
3491,55914.0,1,644
983,40059.0,1,159
9119,60905.0,1,146
4786,75330.0,1,493
5872,60689.0,1,375
6568,38680.0,1,56
5628,61416.0,0,739
5631,49767.0,0,341
4974,83273.0,1,857
8416,29009.0,1,36
5454,45057.0,1,10
4095,37150.0,1,184
5474,43020.0,1,135
4268,53154.0,1,22
10701,65308.0,0,464
3507,76467.0,1,841
2079,81044.0,0,732
626,32871.0,1,16
4426,55801.0,1,65
2591,76320.0,1,371
10509,36927.0,1,16
6382,48794.0,1,14
6673,23478.0,0,62
7441,71128.0,1,626
1071,70179.0,1,369
10061,59462.0,1,168
8775,38361.0,1,84
2345,70038.0,0,527
322,42554.0,1,12
10897,67445.0,1,406
123,67046.0,1,342
6103,42192.0,0,53
7899,77610.0,1,419
10500,31761.0,1,51
1655,34350.0,1,21
2406,54591.0,1,119
2712,71866.0,1,498
5517,25293.0,1,13
10643,42000.0,0,494
2254,69520.0,0,735
10281,64713.0,1,368
6958,27889.0,1,4
954,22123.0,0,68
4643,27803.0,1,119
6497,51651.0,1,48
5396,68487.0,0,519
1052,56796.0,1,308
2802,87000.0,0,716
6343,79823.0,1,640
6507,30828.0,1,28
7901,34109.0,1,9
4865,53367.0,1,160
2686,22390.0,0,21
3107,71322.0,1,187
7734,79244.0,0,500
1146,49912.0,1,312
11031,48699.0,1,13
7428,80144.0,0,1019
975,54252.0,1,42
1103,81929.0,1,382
3422,76068.0,1,185
1055,53204.0,1,10
6544,67911.0,1,447
1241,14796.0,1,22
2909,78128.0,1,294
5802,14188.0,0,46
1407,20425.0,1,36
6183,58646.0,1,56
340,72967.0,1,214
5991,48150.0,1,46
3104,82332.0,0,1157
9729,58275.0,1,362
1008,44953.0,0,169
11091,34587.0,1,13
3969,43018.0,1,34
1916,45736.0,1,206
9907,66476.0,1,214
87,27733.0,1,40
8659,69805.0,1,268
6262,72217.0,0,603
6147,25818.0,1,14
8832,37509.0,1,81
10067,25176.0,1,4
7532,43586.0,1,17
4915,53230.0,1,327
2115,50116.0,1,10
2088,84906.0,0,558
2493,61286.0,1,135
6292,82333.0,0,494
1631,65220.0,0,380
10104,33590.0,1,2
3006,30992.0,1,24
3919,72309.0,0,971
642,16005.0,1,55
4369,65487.0,0,766
10127,58692.0,1,83
271,40590.0,1,67
4973,20587.0,1,14
2948,62637.0,1,76
2715,29435.0,1,46
10432,19346.0,1,18
9216,35788.0,1,17
7124,36997.0,1,24
9727,23539.0,0,52
5136,65333.0,1,114
9790,78499.0,0,325
1818,29732.0,1,9
1100,41275.0,1,28
7873,63516.0,1,154
10609,42769.0,1,17
6950,49572.0,1,18
7233,69209.0,0,1158
9481,17148.0,1,43
7699,40590.0,1,67
2711,30560.0,1,15
8933,32146.0,1,37
8726,41713.0,1,72
1515,34176.0,1,15
5186,58482.0,1,148
10157,59686.0,1,180
5667,60896.0,1,535
902,62994.0,1,76
977,47320.0,1,195
7313,74859.0,0,922
7600,15253.0,1,15
9706,31560.0,1,25
2429,72071.0,1,657
3520,91172.0,0,874
10394,90000.0,0,563
4548,41967.0,1,16
9362,69263.0,1,55
3968,65706.0,0,152
4084,60934.0,1,595
6721,71965.0,1,393
2829,65210.0,1,77
1772,79174.0,0,840
1544,81380.0,0,1049
492,48432.0,1,60
4377,52914.0,1,94
4541,38946.0,1,100
1321,26067.0,1,22
8858,44325.0,1,21
3266,42523.0,0,76
11187,26487.0,1,44
8207,53233.0,1,12
9723,67716.0,1,430
2666,76234.0,1,347
5721,84117.0,0,929
10652,65487.0,0,766
1646,25224.0,1,34
4418,89616.0,0,958
2656,40851.0,1,12
7990,27469.0,0,8
8722,82347.0,0,1234
7118,73803.0,1,521
2980,8820.0,1,19
1839,43322.0,0,67
10722,55593.0,1,147
2632,50501.0,1,51
9014,37085.0,1,19
7620,16185.0,1,56
10968,57731.0,1,394
11133,48432.0,1,60
2736,73807.0,1,429
1876,18929.0,0,35
5959,35893.0,1,23
1092,61014.0,1,849
4333,32144.0,1,10
3850,14918.0,1,25
6168,45146.0,1,5
607,41769.0,1,192
10469,88325.0,0,1051
6983,38054.0,1,22
3661,80617.0,0,809
9303,5305.0,1,15
692,36807.0,1,7
736,28427.0,1,28
9589,82032.0,0,845
4838,22775.0,1,9
9246,40101.0,1,182
6261,58025.0,1,178
7366,75777.0,0,646
10659,7500.0,1,30
1448,33562.0,1,27
4286,57642.0,1,72
4749,58554.0,1,130
4478,63777.0,1,143
4201,57967.0,1,148
10084,24434.0,1,30
7004,11012.0,1,37
9817,44802.0,0,176
8080,26816.0,0,14
8372,34421.0,1,18
10870,61223.0,1,385
4001,64014.0,1,30
7270,56981.0,0,309
8235,69245.0,1,354
9405,52869.0,1,67
